<?xml version="1.0" encoding="UTF-8"?>
<project-private xmlns="http://www.netbeans.org/ns/project-private/1">
    <editor-bookmarks xmlns="http://www.netbeans.org/ns/editor-bookmarks/2" lastBookmarkId="0"/>
    <open-files xmlns="http://www.netbeans.org/ns/projectui-open-files/2">
        <group name="IPC2 Group">
            <file>file:/home/jose/CUNOC/IPC1/01%202018/Lab/Ejemplos/BusquedaBinaria/src/busquedabinaria/BusquedaBinaria.java</file>
            <file>file:/home/jose/CUNOC/IPC1/01%202018/Lab/Ejemplos/BusquedaBinaria/src/busquedabinaria/Dato.java</file>
        </group>
    </open-files>
</project-private>
