<?xml version="1.0" encoding="UTF-8"?>
<project-private xmlns="http://www.netbeans.org/ns/project-private/1">
    <editor-bookmarks xmlns="http://www.netbeans.org/ns/editor-bookmarks/2" lastBookmarkId="0"/>
    <open-files xmlns="http://www.netbeans.org/ns/projectui-open-files/2">
        <group name="IPC1 group"/>
        <group name="IPC2 Group">
            <file>file:/home/jose/CUNOC/IPC1/01%202018/Lab/Ejemplos/Interfaces/src/animales/Animal.java</file>
            <file>file:/home/jose/CUNOC/IPC1/01%202018/Lab/Ejemplos/Interfaces/src/animales/Aguila.java</file>
            <file>file:/home/jose/CUNOC/IPC1/01%202018/Lab/Ejemplos/Interfaces/src/vehiculos/Bicicleta.java</file>
            <file>file:/home/jose/CUNOC/IPC1/01%202018/Lab/Ejemplos/Interfaces/src/animales/Coral.java</file>
            <file>file:/home/jose/CUNOC/IPC1/01%202018/Lab/Ejemplos/Interfaces/src/interfaces/Desplazar.java</file>
            <file>file:/home/jose/CUNOC/IPC1/01%202018/Lab/Ejemplos/Interfaces/src/vehiculos/Avion.java</file>
            <file>file:/home/jose/CUNOC/IPC1/01%202018/Lab/Ejemplos/Interfaces/src/run.java</file>
            <file>file:/home/jose/CUNOC/IPC1/01%202018/Lab/Ejemplos/Interfaces/src/vehiculos/Barco.java</file>
        </group>
    </open-files>
</project-private>
